to import 1,2024-08-13T01:24:26.337059,TODO,2024-09-15T08:22:26.337059
to import 2,2024-06-13T11:10:26.337059,TODO,2024-09-15T08:22:26.337059
to import 3,2024-08-13T01:24:26.337059,TODO,2024-09-15T08:22:26.337059
to import 4,2024-06-13T11:10:26.337059,TODO,2024-09-15T08:22:26.337059
to import 5,2024-08-13T01:24:26.337059,TODO,2024-09-15T08:22:26.337059
to import 6,2024-06-13T11:10:26.337059,TODO,2024-09-15T08:22:26.337059
to import 7,2024-07-15T09:30:26.337059,TODO,2024-10-01T14:00:26.337059
to import 8,2024-08-20T16:45:26.337059,TODO,2024-11-05T10:30:26.337059
to import 9,2024-09-05T13:20:26.337059,TODO,2024-12-15T09:45:26.337059
to import 10,2024-07-30T10:55:26.337059,TODO,2024-10-20T11:15:26.337059
to import 11,2024-08-10T14:15:26.337059,TODO,2024-11-25T16:30:26.337059
to import 12,2024-09-25T11:40:26.337059,TODO,2024-12-30T13:00:26.337059
to import 13,2024-08-13T01:24:26.337059,TODO,2024-09-15T08:22:26.337059
to import 14,2024-06-13T11:10:26.337059,TODO,2024-09-15T08:22:26.337059
to import 15,2024-08-13T01:24:26.337059,TODO,2024-09-15T08:22:26.337059
to import 16,2024-06-13T11:10:26.337059,TODO,2024-09-15T08:22:26.337059
to import 17,2024-07-15T09:30:26.337059,TODO,2024-10-01T14:00:26.337059
to import 18,2024-08-20T16:45:26.337059,TODO,2024-11-05T10:30:26.337059
to import 19,2024-09-05T13:20:26.337059,TODO,2024-12-15T09:45:26.337059
to import 20,2024-07-30T10:55:26.337059,TODO,2024-10-20T11:15:26.337059
to import 21,2024-08-10T14:15:26.337059,TODO,2024-11-25T16:30:26.337059
to import 22,2024-09-25T11:40:26.337059,TODO,2024-12-30T13:00:26.337059